epoch,train_loss,train_mse,train_sparsity,val_loss,val_mse,val_sparsity,time_sec
1,0.6857433757468095,0.6853335634667134,0.00040981115217781174,0.6187087032254669,0.618300067659723,0.0004086317000775104,17.767906188964844
2,0.5674726738526733,0.5670586749699386,0.0004139957585372409,0.5330337955773249,0.5326233231723928,0.0004104726282630906,18.260793685913086
3,0.5431685402644257,0.5427553871936402,0.0004131474752931438,0.5188000225723409,0.5183905814764653,0.00040944516375610555,18.15544104576111
4,0.5221860497669203,0.5217717178514071,0.0004143291207176869,0.5155862653453732,0.515177395388391,0.0004088667614904393,18.28598403930664
5,0.49383652982843546,0.49342368686649674,0.0004128385397530101,0.5069793683327657,0.5065679067509585,0.000411461776639422,18.332680702209473
6,0.46212538339315706,0.46171028251475504,0.0004150998660239131,0.48722613948298593,0.4868161241502623,0.0004100212337823852,18.386072397232056
7,0.4280179597434354,0.4276036674755465,0.00041429231833868644,0.48645869820628496,0.4860475958632828,0.0004111042252515216,18.63493847846985
8,0.39990761357805005,0.3994928516420297,0.0004147616935633153,0.4843286241786148,0.48392042114927963,0.00040820238039840454,23.343757152557373
9,0.3723153090486678,0.37190065921345944,0.00041464995696901527,0.45283455716101395,0.4524254471745164,0.0004091147759836361,27.006431341171265
10,0.3399355370598273,0.33952211825065814,0.0004134182975165227,0.4598632171099498,0.45945445644880284,0.00040876324019412243,19.272625207901
11,0.32009235811591974,0.3196781689875594,0.0004141883849295379,0.44052552792733524,0.4401163308883159,0.00040920018737607107,28.981130599975586
12,0.30157807313151014,0.3011636146197034,0.00041446077224362545,0.4191781670908422,0.41877067882157165,0.0004074964181615888,20.046858072280884
13,0.28447243907935055,0.28405839389463305,0.00041404529199129435,0.4342271810757643,0.43381621436121065,0.0004109704463182137,19.698306798934937
14,0.2667439415512023,0.26632879916631513,0.00041514075994499147,0.43387670737542133,0.43346648138179106,0.0004102268296544655,19.365681171417236
15,0.25281609956300727,0.2524008209484469,0.0004152781525414856,0.44162020781183936,0.44120905156442874,0.0004111636095300797,19.910736560821533
16,0.2426459940588605,0.24223197449251482,0.00041401903920092463,0.44492522507844,0.444514168833001,0.00041105858566531844,19.29684615135193
17,0.23192474635356522,0.2315099177770816,0.0004148294048725178,0.4418600792696471,0.4414493696233587,0.00041070690199688245,19.36896014213562
18,0.22532691069368133,0.22491155091290163,0.000415359960476047,0.4345534445094467,0.43414267507263626,0.000410769993232141,19.458823680877686
19,0.22488081263895202,0.22446582421860237,0.00041498996083042254,0.4261532286472479,0.42574119233292007,0.0004120348783170227,19.144977807998657
20,0.21484088689415787,0.21442641419567068,0.0004144724089271407,0.45862257127454525,0.4582122361709571,0.00041033879844345957,19.145601987838745
21,0.207792386993893,0.20737764956819385,0.00041473661081552085,0.43547180059546,0.43506116691101615,0.0004106327401122694,19.556113243103027
22,0.20252159335345865,0.20210706702047904,0.0004145256588138051,0.44244524384238865,0.4420346413233672,0.00041059805173475274,19.37648582458496
