timestamp,cpu_percent,cpu_freq_current,cpu_user_time_percent,cpu_system_time_percent,cpu_ctx_switches_per_sec,cpu_interrupts_per_sec,memory_percent,memory_available_mb,memory_used_mb,swap_percent,disk_usage_percent,disk_read_bytes_per_sec,disk_write_bytes_per_sec,disk_read_count_per_sec,disk_write_count_per_sec,net_bytes_sent_per_sec,net_bytes_recv_per_sec,net_packets_sent_per_sec,net_packets_recv_per_sec,net_errors_total,net_drops_total,process_count
2026-10-08T02:59:08.039095+00:00,9.7,1969.0,6.4,2.3,9819.7,8111.8,46.3,17452.9,15056.7,1.4,54.3,0.0,289065.6,0.0,16.1,1098.9,2109.1,11.1,28.2,0.0,0.0,323.0
2026-10-08T02:59:09.049361+00:00,8.6,1969.0,6.2,1.7,9256.1,7844.7,46.2,17491.9,15017.6,1.4,54.3,0.0,4068.4,0.0,1.0,622.8,1262.4,6.0,16.9,0.0,0.0,325.0
2026-10-08T02:59:10.041277+00:00,16.4,1969.0,9.8,4.9,40633.8,27225.9,46.2,17488.1,15021.4,1.4,54.3,0.0,0.0,0.0,0.0,1486.6,908.7,2.0,15.1,0.0,0.0,323.0
2026-10-08T02:59:11.047865+00:00,10.0,1969.0,6.2,2.8,8974.9,7642.7,46.2,17491.5,15018.0,1.4,54.3,0.0,77255.0,0.0,10.9,1928.8,3286.8,17.9,39.7,0.0,0.0,323.0
2026-10-08T02:59:12.045353+00:00,9.3,1969.0,5.9,2.3,9391.5,7814.5,46.2,17498.6,15010.9,1.4,54.3,0.0,144646.1,0.0,1.0,412.7,1490.2,4.0,23.2,0.0,0.0,325.0
2026-10-08T02:59:13.035697+00:00,14.7,1969.0,8.0,5.6,41598.2,28195.0,46.2,17496.0,15013.5,1.4,54.3,0.0,160164.4,0.0,5.0,5594.7,2185.7,10.0,31.1,0.0,0.0,323.0
2026-10-08T02:59:14.043927+00:00,8.2,1969.0,5.7,1.8,9568.0,7865.6,46.2,17498.6,15010.9,1.4,54.3,0.0,0.0,0.0,0.0,9160.8,9771.6,30.8,39.7,0.0,0.0,323.0
2026-10-08T02:59:15.040167+00:00,8.6,1969.0,5.8,2.3,10526.8,9077.6,46.2,17498.4,15011.1,1.4,54.3,0.0,57831.8,0.0,6.1,1491.6,831.0,2.0,13.1,0.0,0.0,325.0
2026-10-08T02:59:16.046884+00:00,14.4,1969.0,7.9,4.9,40726.3,27519.8,46.2,17499.0,15010.5,1.4,54.3,0.0,315462.5,0.0,9.9,1527.5,2494.2,14.8,28.6,0.0,0.0,322.0
2026-10-08T02:59:17.038760+00:00,9.7,1969.0,6.2,2.6,9332.7,7773.3,46.2,17496.7,15012.9,1.4,54.3,0.0,8267.9,0.0,2.0,127.2,1153.6,2.0,19.2,0.0,0.0,322.0
2026-10-08T02:59:18.048344+00:00,8.2,1969.0,5.3,2.1,9249.3,7705.6,46.2,17498.6,15010.9,1.4,54.3,0.0,166715.5,0.0,5.0,749.5,1388.8,7.9,18.9,0.0,0.0,324.0
2026-10-08T02:59:19.040294+00:00,13.8,1969.0,8.1,4.8,42019.9,27487.7,46.2,17496.4,15013.1,1.4,54.3,0.0,4119.0,0.0,1.0,1096.1,1464.2,9.1,14.1,0.0,0.0,322.0
2026-10-08T02:59:20.046958+00:00,8.0,1969.0,5.1,1.9,9505.3,8090.7,46.2,17500.5,15009.0,1.4,54.3,0.0,357824.4,0.0,79.4,27090.4,16529.8,51.6,76.4,0.0,0.0,322.0
2026-10-08T02:59:21.041457+00:00,8.3,1969.0,5.7,2.0,9249.8,7742.8,46.2,17486.4,15023.1,1.4,54.3,0.0,0.0,0.0,0.0,4340.4,2460.2,21.2,21.2,0.0,0.0,324.0
2026-10-08T02:59:22.049744+00:00,14.9,1969.0,7.3,6.1,41555.8,28323.8,46.2,17490.6,15018.9,1.4,54.3,0.0,271639.3,0.0,11.9,1182.8,1409.5,11.9,14.8,0.0,0.0,322.0
2026-10-08T02:59:23.039599+00:00,7.0,1969.0,4.9,1.5,8584.5,7215.4,46.2,17494.4,15015.1,1.4,54.3,16529.3,309925.0,1.0,13.1,1905.8,2129.7,19.2,22.2,0.0,0.0,322.0
2026-10-08T02:59:24.055025+00:00,10.6,1969.0,7.7,2.1,9526.1,7744.9,46.2,17488.1,15021.4,1.4,54.3,0.0,16285.0,0.0,4.0,83.5,310.1,1.0,5.0,0.0,0.0,324.0
2026-10-08T02:59:25.045369+00:00,14.3,1969.0,8.5,5.1,40379.6,27238.9,46.2,17485.3,15024.2,1.4,54.3,0.0,0.0,0.0,0.0,3307.2,2540.7,19.0,25.0,0.0,0.0,322.0
2026-10-08T02:59:26.036388+00:00,10.1,1969.0,6.4,2.9,8642.3,6847.1,46.2,17483.9,15025.6,1.4,54.3,57868.6,95069.8,3.0,13.1,3722.7,3326.2,19.2,26.2,0.0,0.0,322.0
2026-10-08T02:59:27.047164+00:00,11.5,1969.0,8.0,2.7,13942.4,10308.3,46.4,17427.2,15082.3,1.4,54.3,0.0,211542.0,0.0,4.0,376.4,624.7,4.0,7.9,0.0,0.0,324.0
2026-10-08T02:59:28.043322+00:00,15.2,1969.0,10.1,4.4,43365.4,28882.1,46.4,17432.2,15077.3,1.4,54.3,0.0,45275.7,0.0,5.0,464.3,942.6,5.0,13.1,0.0,0.0,322.0
2026-10-08T02:59:29.051063+00:00,8.5,1969.0,6.4,1.6,11807.9,8719.5,46.4,17440.2,15069.3,1.4,54.3,0.0,0.0,0.0,0.0,144435.1,7921.7,129.5,76.1,0.0,0.0,322.0
2026-10-08T02:59:30.044344+00:00,12.4,1969.0,7.7,3.6,12840.6,9366.9,46.4,17439.8,15069.7,1.4,54.3,16516.0,173418.1,1.0,21.2,2670.3,2499.0,13.1,20.2,0.0,0.0,324.0
2026-10-08T02:59:31.035274+00:00,14.9,1969.0,8.5,5.5,41806.9,28397.3,46.4,17431.5,15078.0,1.4,54.3,0.0,697090.8,0.0,59.4,84.6,427.0,1.0,7.0,0.0,0.0,322.0
2026-10-08T02:59:32.042969+00:00,9.7,1969.0,5.7,2.8,12626.6,9483.3,46.4,17434.5,15075.0,1.4,54.3,0.0,0.0,0.0,0.0,461.5,747.4,5.0,9.9,0.0,0.0,322.0
2026-10-08T02:59:33.054929+00:00,9.3,1969.0,5.7,2.4,11522.4,9055.3,46.4,17434.4,15075.1,1.4,54.3,0.0,150460.3,0.0,5.0,83.4,420.9,1.0,6.9,0.0,0.0,324.0
2026-10-08T02:59:34.048290+00:00,15.7,1969.0,10.5,4.4,42472.3,28305.1,46.4,17410.3,15099.2,1.4,54.3,0.0,12336.0,0.0,3.0,884.4,1003.9,7.0,7.0,0.0,0.0,322.0
2026-10-08T02:59:35.039958+00:00,12.8,1969.0,8.4,3.1,13227.7,10032.1,46.3,17470.0,15039.5,1.4,54.3,16500.9,231012.6,1.0,32.2,149475.9,10199.3,140.0,92.7,0.0,0.0,320.0
2026-10-08T02:59:36.047630+00:00,10.2,1969.0,6.9,2.3,13089.1,9701.7,46.3,17470.4,15039.1,1.4,54.3,0.0,0.0,0.0,0.0,1094.7,1658.5,9.9,19.9,0.0,0.0,322.0
2026-10-08T02:59:37.038240+00:00,17.1,1969.0,9.8,6.3,41348.2,26997.8,46.3,17473.4,15036.1,1.4,54.3,0.0,569547.8,0.0,80.6,970.3,1087.2,10.1,12.1,0.0,0.0,320.0
2026-10-08T02:59:38.046063+00:00,10.0,1969.0,7.8,1.8,10244.8,7582.0,46.3,17459.2,15050.3,1.4,54.3,0.0,244087.5,0.0,10.9,63765.1,7819.4,57.6,48.7,0.0,0.0,320.0
2026-10-08T02:59:39.039855+00:00,6.3,1969.0,4.9,0.9,7917.2,6040.7,46.3,17469.9,15039.7,1.4,54.3,0.0,61949.9,0.0,2.0,424.5,521.3,5.0,6.0,0.0,0.0,322.0
2026-10-08T02:59:40.046892+00:00,11.5,1969.0,7.5,3.5,39571.7,27014.4,46.3,17473.4,15036.2,1.4,54.3,0.0,129824.5,0.0,1.0,66454.4,9663.1,86.2,80.2,0.0,0.0,320.0
2026-10-08T02:59:41.038041+00:00,6.2,1969.0,5.2,0.9,8052.9,6162.6,46.2,17476.4,15033.1,1.4,54.3,0.0,20669.8,0.0,3.0,1539.1,2096.2,14.1,21.2,0.0,0.0,320.0
2026-10-08T02:59:42.050340+00:00,6.3,1969.0,5.2,1.1,8315.4,6225.9,46.2,17477.0,15032.5,1.4,54.3,0.0,207459.6,0.0,2.0,5597.2,1026.9,9.9,12.9,0.0,0.0,322.0
2026-10-08T02:59:43.041779+00:00,12.7,1969.0,9.0,3.5,40258.6,26880.9,46.2,17476.1,15033.4,1.4,54.3,0.0,156181.7,0.0,8.0,426.5,1383.7,5.0,17.1,0.0,0.0,321.0
2026-10-08T02:59:44.049545+00:00,7.3,1969.0,5.7,1.3,8352.4,6244.4,46.2,17482.5,15027.0,1.4,54.3,0.0,8133.9,0.0,2.0,1209.4,4883.1,12.9,20.9,0.0,0.0,320.0
2026-10-08T02:59:45.042482+00:00,8.2,1969.0,6.1,1.7,8243.2,6084.1,46.2,17493.5,15016.0,1.4,54.3,0.0,8257.3,0.0,2.0,1912.1,772.1,6.0,8.1,0.0,0.0,322.0
2026-10-08T02:59:46.049091+00:00,11.1,1969.0,8.1,2.6,38382.7,26159.7,46.1,17513.4,14996.1,1.4,54.3,0.0,48741.5,0.0,10.9,373.9,488.9,4.0,5.9,0.0,0.0,321.0
2026-10-08T02:59:47.039460+00:00,8.3,1969.0,6.5,1.7,8683.2,6556.8,46.1,17514.1,14995.4,1.4,54.3,0.0,53738.3,0.0,4.0,382.5,634.8,4.0,8.1,0.0,0.0,320.0
2026-10-08T02:59:48.050955+00:00,6.1,1969.0,5.4,0.6,8423.9,6252.4,46.1,17518.9,14990.6,1.4,54.3,0.0,8137.8,0.0,1.0,334.8,763.9,4.0,10.9,0.0,0.0,322.0
2026-10-08T02:59:49.042222+00:00,10.6,1969.0,6.9,3.3,38968.7,27056.3,46.0,17549.9,14959.6,1.4,54.3,0.0,127547.7,0.0,4.0,1898.5,2243.1,16.1,21.1,0.0,0.0,320.0
2026-10-08T02:59:50.048356+00:00,7.2,1969.0,5.5,1.4,8329.0,6354.0,46.0,17552.9,14956.6,1.4,54.3,0.0,12201.5,0.0,3.0,3389.0,1119.1,8.9,12.9,0.0,0.0,320.0
2026-10-08T02:59:51.041979+00:00,7.9,1969.0,6.8,1.0,8125.8,6180.2,46.0,17542.8,14966.7,1.4,54.3,0.0,136475.3,0.0,3.0,840.0,19055.5,8.1,19.2,0.0,0.0,322.0
2026-10-08T02:59:52.049060+00:00,11.9,1969.0,8.0,3.6,38368.9,25982.0,46.0,17552.2,14957.3,1.4,54.3,0.0,36504.3,0.0,4.0,663.5,814.0,6.9,8.9,0.0,0.0,320.0
2026-10-08T02:59:53.039226+00:00,7.4,1969.0,5.4,1.7,9211.7,7074.1,46.0,17552.9,14956.6,1.4,54.3,0.0,372224.7,0.0,52.5,14464.3,9943.8,43.4,39.4,0.0,0.0,320.0
2026-10-08T02:59:54.049699+00:00,7.0,1969.0,5.4,1.1,8636.2,6483.3,46.0,17553.9,14955.6,1.4,54.3,0.0,321468.5,0.0,4.0,622.9,1276.6,6.0,12.9,0.0,0.0,322.0
2026-10-08T02:59:55.039726+00:00,10.6,1969.0,7.4,2.7,38131.1,26441.8,46.0,17551.5,14958.0,1.4,54.3,0.0,0.0,0.0,0.0,3905.1,2560.5,25.1,27.2,0.0,0.0,320.0
2026-10-08T02:59:56.046913+00:00,8.3,1969.0,6.1,1.9,9041.4,6715.9,46.0,17550.4,14959.1,1.4,54.3,0.0,236089.1,0.0,6.0,1249.2,1143.8,11.9,12.9,0.0,0.0,320.0
2026-10-08T02:59:57.044622+00:00,11.2,1969.0,7.2,3.5,7932.8,6098.4,46.0,17551.9,14957.6,1.4,54.3,0.0,0.0,0.0,0.0,380.4,849.6,4.0,10.1,0.0,0.0,322.0
2026-10-08T02:59:58.036058+00:00,10.1,1969.0,6.9,2.8,38373.1,26327.1,46.0,17550.7,14958.8,1.4,54.3,0.0,12311.4,0.0,3.0,337.6,566.1,4.0,8.0,0.0,0.0,320.0
2026-10-08T02:59:59.044237+00:00,7.3,1969.0,5.3,1.5,8700.7,6574.4,46.0,17549.7,14959.8,1.4,54.3,0.0,8131.9,0.0,2.0,1348.0,1433.4,12.9,13.9,0.0,0.0,320.0
2026-10-08T03:00:00.040251+00:00,9.9,1969.0,6.9,2.9,8814.8,6720.6,46.0,17548.5,14961.0,1.4,54.3,0.0,8264.0,0.0,1.0,16348.5,3160.5,23.2,23.2,0.0,0.0,322.0
2026-10-08T03:00:01.049025+00:00,12.8,1969.0,7.1,4.7,38113.4,26065.2,46.0,17550.3,14959.3,1.4,54.3,0.0,226596.1,0.0,4.0,372.4,542.3,4.0,6.9,0.0,0.0,320.0
2026-10-08T03:00:02.039289+00:00,7.5,1969.0,5.8,1.5,8746.9,6624.4,46.0,17549.4,14960.1,1.4,54.3,0.0,0.0,0.0,0.0,567.4,921.1,6.0,11.1,0.0,0.0,320.0
2026-10-08T03:00:03.057462+00:00,9.4,1969.0,6.1,2.3,8243.8,6249.1,46.0,17549.8,14959.7,1.4,54.3,0.0,138337.5,0.0,2.0,374.5,934.7,4.0,13.9,0.0,0.0,322.0
2026-10-08T03:00:04.049148+00:00,15.2,1969.0,9.9,4.5,38832.7,26461.9,46.0,17554.9,14954.7,1.4,54.3,0.0,130720.8,0.0,6.0,1169.9,1624.6,10.0,16.0,0.0,0.0,320.0
2026-10-08T03:00:05.044867+00:00,7.6,1969.0,6.2,1.2,8640.0,6501.4,46.0,17560.6,14948.9,1.4,54.3,0.0,49605.4,0.0,10.1,1788.3,755.9,5.0,10.1,0.0,0.0,320.0
2026-10-08T03:00:06.038283+00:00,6.4,1969.0,5.6,0.8,7824.8,5993.1,46.0,17563.6,14945.9,1.4,54.3,0.0,0.0,0.0,0.0,970.6,1380.1,10.0,17.1,0.0,0.0,322.0
2026-10-08T03:00:07.045135+00:00,11.0,1969.0,7.8,2.8,38087.7,25797.9,46.0,17563.3,14946.3,1.4,54.3,0.0,8120.5,0.0,2.0,373.7,655.2,4.0,8.9,0.0,0.0,320.0
2026-10-08T03:00:08.037226+00:00,10.6,1969.0,7.4,2.7,10088.7,7517.9,46.0,17560.8,14948.7,1.4,54.3,66124.1,1111711.8,2.0,131.2,1352.0,1938.2,13.1,21.2,0.0,0.0,320.0
2026-10-08T03:00:09.047301+00:00,8.3,1969.0,6.2,1.9,8112.1,6211.5,46.0,17563.3,14946.2,1.4,54.3,0.0,312698.7,0.0,72.4,373.8,433.3,4.0,5.0,0.0,0.0,322.0
2026-10-08T03:00:10.037780+00:00,12.9,1969.0,7.9,4.4,38293.7,26007.4,46.0,17561.3,14948.2,1.4,54.3,0.0,78297.8,0.0,8.0,2796.9,1981.0,15.1,23.1,0.0,0.0,320.0
2026-10-08T03:00:11.045147+00:00,7.4,1969.0,5.9,1.3,8143.1,6318.4,46.0,17562.8,14946.7,1.4,54.3,0.0,81371.0,0.0,10.9,1088.7,1593.3,10.9,17.9,0.0,0.0,320.0
2026-10-08T03:00:12.038182+00:00,11.3,1969.0,8.4,2.3,8739.1,6615.3,46.0,17560.9,14948.6,1.4,54.3,0.0,0.0,0.0,0.0,412.6,586.2,4.0,7.1,0.0,0.0,322.0
2026-10-08T03:00:13.046632+00:00,12.3,1969.0,7.9,3.5,39081.7,26241.0,46.0,17568.3,14941.2,1.4,54.3,0.0,227228.9,0.0,5.9,5902.2,1614.7,13.9,17.8,0.0,0.0,320.0
2026-10-08T03:00:14.036904+00:00,7.2,1969.0,5.0,1.7,8549.2,6461.8,46.0,17571.2,14938.4,1.4,54.3,0.0,90868.7,0.0,3.0,726.0,2479.6,8.1,12.1,0.0,0.0,320.0
2026-10-08T03:00:15.046768+00:00,7.3,1969.0,5.9,1.1,10337.2,8452.3,46.0,17569.3,14940.2,1.4,54.3,0.0,24406.4,0.0,4.0,3266.3,4257.4,18.9,28.8,0.0,0.0,322.0
2026-10-08T03:00:16.038160+00:00,10.4,1969.0,7.1,2.9,38182.0,25918.9,46.0,17570.0,14939.6,1.4,54.3,0.0,284389.3,0.0,14.1,379.4,834.2,4.0,12.1,0.0,0.0,320.0
2026-10-08T03:00:17.044285+00:00,9.7,1969.0,6.8,2.5,9357.0,6930.4,46.0,17570.6,14938.9,1.4,54.3,0.0,4068.6,0.0,1.0,374.5,545.3,4.0,7.0,0.0,0.0,320.0
2026-10-08T03:00:18.040616+00:00,14.8,1969.0,8.1,5.5,8691.1,6570.5,45.9,17572.4,14937.1,1.4,54.3,0.0,4136.0,0.0,1.0,340.3,400.9,4.0,5.0,0.0,0.0,322.0
2026-10-08T03:00:19.048702+00:00,10.2,1969.0,6.1,3.4,38448.0,26135.7,45.9,17571.5,14938.0,1.4,54.3,0.0,16172.8,0.0,3.0,619.9,958.5,3.9,7.9,0.0,0.0,320.0
2026-10-08T03:00:20.039034+00:00,12.9,1969.0,7.8,4.3,8762.1,6785.9,45.9,17573.8,14935.8,1.4,54.3,0.0,16527.5,0.0,4.0,18495.6,6063.6,40.4,45.4,0.0,0.0,320.0
2026-10-08T03:00:21.050214+00:00,8.4,1969.0,5.8,2.0,8357.7,6402.9,46.0,17560.0,14949.5,1.4,54.3,0.0,0.0,0.0,0.0,83.4,143.0,1.0,2.0,0.0,0.0,322.0
2026-10-08T03:00:22.043549+00:00,15.4,1969.0,8.8,5.8,37981.5,25276.8,46.0,17568.4,14941.1,1.4,54.3,0.0,234593.2,0.0,5.0,1237.9,1431.8,12.1,14.1,0.0,0.0,320.0
2026-10-08T03:00:23.050402+00:00,7.3,1969.0,6.0,1.1,8772.9,6637.4,45.9,17574.0,14935.5,1.4,54.3,0.0,203037.7,0.0,10.9,375.7,1676.4,4.0,14.9,0.0,0.0,320.0
2026-10-08T03:00:24.044453+00:00,8.0,1969.0,7.3,0.7,8597.1,6628.0,45.9,17575.4,14934.1,1.4,54.3,0.0,140557.7,0.0,4.0,1453.4,2759.4,14.1,22.2,0.0,0.0,322.0
2026-10-08T03:00:25.035227+00:00,9.6,1969.0,6.7,2.7,38187.1,26034.0,45.9,17575.3,14934.2,1.4,54.3,0.0,0.0,0.0,0.0,2371.5,2153.2,11.1,21.1,0.0,0.0,320.0
2026-10-08T03:00:26.043155+00:00,8.3,1969.0,6.5,1.7,9335.9,7007.2,45.9,17575.4,14934.1,1.4,54.3,0.0,219560.1,0.0,47.6,917.2,2215.6,8.9,13.9,0.0,0.0,320.0
2026-10-08T03:00:27.054181+00:00,6.3,1969.0,5.6,0.5,8073.2,6149.8,45.9,17575.8,14933.7,1.4,54.3,0.0,0.0,0.0,0.0,83.4,198.6,1.0,3.0,0.0,0.0,322.0
2026-10-08T03:00:28.046116+00:00,10.0,1969.0,6.5,3.0,38119.0,26042.2,45.9,17574.4,14935.1,1.4,54.3,0.0,8229.4,0.0,2.0,378.7,1136.2,4.0,8.0,0.0,0.0,320.0
2026-10-08T03:00:29.039563+00:00,6.8,1969.0,5.9,0.7,8110.5,6265.6,45.9,17576.9,14932.6,1.4,54.3,0.0,90845.6,0.0,3.0,980.9,1349.9,11.1,17.1,0.0,0.0,322.0
2026-10-08T03:00:30.049981+00:00,7.5,1969.0,6.3,1.0,9024.5,6796.3,45.9,17575.6,14933.9,1.4,54.3,0.0,44618.2,0.0,5.0,2170.7,1652.8,8.9,14.9,0.0,0.0,322.0
2026-10-08T03:00:31.042772+00:00,11.3,1969.0,7.3,3.2,38169.9,25745.3,45.9,17575.2,14934.3,1.4,54.3,0.0,8238.2,0.0,1.0,379.1,495.8,4.0,6.0,0.0,0.0,320.0
2026-10-08T03:00:32.050543+00:00,6.8,1969.0,5.4,1.2,7791.1,5956.9,45.9,17579.5,14930.0,1.4,54.3,0.0,0.0,0.0,0.0,375.8,1089.6,4.0,6.9,0.0,0.0,320.0
2026-10-08T03:00:33.045756+00:00,6.9,1969.0,5.3,1.4,8518.4,6376.5,45.9,17579.3,14930.2,1.4,54.3,0.0,144572.1,0.0,3.0,84.7,427.6,1.0,7.1,0.0,0.0,322.0
2026-10-08T03:00:34.035711+00:00,13.4,1969.0,7.6,5.0,40001.3,26993.8,45.9,17575.2,14934.3,1.4,54.3,0.0,28808.4,0.0,5.0,1896.0,2568.2,17.1,26.1,0.0,0.0,320.0
2026-10-08T03:00:35.042556+00:00,7.7,1969.0,6.6,0.9,7891.7,6248.4,45.9,17577.6,14932.0,1.4,54.3,0.0,20347.8,0.0,4.0,1469.5,953.8,2.0,15.9,0.0,0.0,320.0
2026-10-08T03:00:36.052789+00:00,9.9,1969.0,7.2,2.4,9049.5,6665.1,45.9,17578.0,14931.5,1.4,54.3,65107.6,0.0,1.0,0.0,498.7,1361.0,5.0,19.9,0.0,0.0,322.0
2026-10-08T03:00:37.045568+00:00,9.9,1969.0,6.5,3.1,38187.7,25792.5,45.9,17576.7,14932.8,1.4,54.3,214326.0,478111.8,1.0,7.0,379.4,608.8,4.0,8.1,0.0,0.0,320.0
2026-10-08T03:00:38.036886+00:00,13.7,1969.0,10.9,2.7,10581.7,7859.7,46.0,17555.2,14954.3,1.4,54.3,16511.5,227033.6,1.0,20.2,65203.6,9373.4,63.5,60.5,0.0,0.0,321.0
2026-10-08T03:00:39.044801+00:00,8.5,1969.0,6.2,2.0,8974.6,6935.8,46.0,17548.2,14961.3,1.4,54.3,0.0,154419.1,0.0,4.0,1203.4,1477.2,11.9,15.9,0.0,0.0,323.0
2026-10-08T03:00:40.036310+00:00,12.5,1969.0,8.1,4.0,38629.2,26376.5,46.0,17546.3,14963.2,1.4,54.3,0.0,0.0,0.0,0.0,16875.3,4760.6,28.2,35.3,0.0,0.0,321.0
2026-10-08T03:00:41.043846+00:00,6.9,1969.0,5.8,1.1,7850.4,6100.5,46.0,17549.1,14960.5,1.4,54.3,0.0,8135.4,0.0,1.0,793.5,1327.8,7.9,11.9,0.0,0.0,321.0
2026-10-08T03:00:42.039919+00:00,8.8,1969.0,6.4,2.1,9800.3,7414.8,46.0,17540.1,14969.4,1.4,54.3,627991.7,1991394.7,3.0,65.6,1996.2,2225.1,17.1,22.2,0.0,0.0,323.0
2026-10-08T03:00:43.046616+00:00,12.1,1969.0,8.6,3.2,38572.2,25822.5,46.0,17547.7,14961.9,1.4,54.3,0.0,287382.9,0.0,6.9,5224.6,678.9,6.9,6.9,0.0,0.0,321.0
2026-10-08T03:00:44.037034+00:00,8.0,1969.0,7.2,0.5,8107.8,6268.7,46.0,17551.2,14958.3,1.4,54.3,0.0,128094.6,0.0,6.1,686.0,942.2,8.1,12.1,0.0,0.0,321.0
2026-10-08T03:00:45.045123+00:00,7.6,1969.0,6.4,1.1,9151.2,6921.0,46.0,17551.3,14958.2,1.4,54.3,0.0,28495.0,0.0,5.0,2773.8,4855.8,13.9,16.9,0.0,0.0,323.0
2026-10-08T03:00:46.036479+00:00,11.8,1969.0,7.6,3.5,37926.6,25983.4,46.0,17552.0,14957.5,1.4,54.3,0.0,8259.2,0.0,2.0,380.1,497.0,4.0,6.0,0.0,0.0,321.0
2026-10-08T03:00:47.044213+00:00,7.6,1969.0,6.2,1.2,7908.3,6110.1,46.0,17550.9,14958.7,1.4,54.3,0.0,28453.8,0.0,2.0,125.0,309.6,2.0,5.0,0.0,0.0,321.0
2026-10-08T03:00:48.038091+00:00,6.8,1969.0,5.4,1.1,8789.4,6677.3,46.0,17554.0,14955.5,1.4,54.3,0.0,8259.1,0.0,2.0,930.6,1329.8,10.1,17.1,0.0,0.0,323.0
2026-10-08T03:00:49.045307+00:00,11.4,1969.0,7.2,3.1,38396.9,26079.9,46.0,17552.8,14956.7,1.4,54.3,0.0,89249.4,0.0,6.9,1754.0,2302.7,14.9,21.8,0.0,0.0,321.0
2026-10-08T03:00:50.036364+00:00,7.4,1969.0,5.9,1.3,7931.7,6226.3,46.0,17552.8,14956.7,1.4,54.3,0.0,119867.8,0.0,13.1,4473.4,712.4,7.1,8.1,0.0,0.0,321.0
2026-10-08T03:00:51.046401+00:00,7.5,1969.0,5.7,1.5,8625.1,6709.8,46.0,17541.8,14967.7,1.4,54.3,0.0,0.0,0.0,0.0,2477.2,19052.2,12.9,26.8,0.0,0.0,323.0
2026-10-08T03:00:52.037040+00:00,12.7,1969.0,8.5,3.7,38994.0,26350.6,46.0,17548.2,14961.3,1.4,54.3,0.0,20609.5,0.0,3.0,2565.1,52189.9,24.2,51.3,0.0,0.0,321.0
2026-10-08T03:00:53.046137+00:00,6.5,1969.0,5.4,0.9,8270.5,6565.1,46.0,17551.1,14958.4,1.4,54.3,0.0,211545.6,0.0,7.9,14042.0,14516.7,52.6,55.6,0.0,0.0,321.0
2026-10-08T03:00:54.044281+00:00,7.8,1969.0,5.4,1.9,8560.9,6566.7,46.0,17551.3,14958.2,1.4,54.3,0.0,321778.1,0.0,5.0,379.7,1155.2,4.0,10.1,0.0,0.0,323.0
2026-10-08T03:00:55.035062+00:00,12.1,1969.0,7.9,3.7,38772.6,26644.9,46.0,17549.4,14960.1,1.4,54.3,0.0,0.0,0.0,0.0,1775.3,638.2,5.0,8.0,0.0,0.0,321.0
2026-10-08T03:00:56.040979+00:00,10.1,1969.0,7.3,2.3,8385.9,6501.1,46.0,17554.4,14955.1,1.4,54.3,0.0,236046.2,0.0,6.0,2086.5,3062.3,20.9,25.8,0.0,0.0,321.0
2026-10-08T03:00:57.050923+00:00,7.3,1969.0,5.5,1.5,8650.0,6654.1,46.0,17550.7,14958.8,1.4,54.3,0.0,0.0,0.0,0.0,83.4,365.6,1.0,6.0,0.0,0.0,323.0
2026-10-08T03:00:58.042422+00:00,10.2,1969.0,7.1,2.8,39110.9,26464.4,46.0,17548.1,14961.4,1.4,54.3,0.0,230643.2,0.0,54.3,338.9,4509.8,4.0,78.4,0.0,0.0,321.0
2026-10-08T03:00:59.048420+00:00,6.7,1969.0,5.6,1.0,7587.8,5945.5,46.0,17552.6,14956.9,1.4,54.3,0.0,260455.5,0.0,6.0,1349.3,9001.6,12.9,149.0,0.0,0.0,321.0
2026-10-08T03:01:00.048750+00:00,8.9,1969.0,6.5,2.2,9386.7,7505.6,46.0,17551.7,14957.8,1.4,54.3,0.0,49631.8,0.0,5.0,66240.3,19727.7,71.7,273.6,0.0,0.0,323.0
2026-10-08T03:01:01.041341+00:00,11.8,1969.0,7.5,3.6,38241.5,26063.6,46.0,17553.8,14955.7,1.4,54.3,0.0,221163.8,0.0,3.0,835.9,11655.9,8.0,188.0,0.0,0.0,321.0
2026-10-08T03:01:02.047478+00:00,7.2,1969.0,5.6,1.3,8089.0,5926.2,46.0,17553.4,14956.2,1.4,54.3,0.0,0.0,0.0,0.0,894.5,2240.2,8.9,31.7,0.0,0.0,321.0
2026-10-08T03:01:03.042251+00:00,7.5,1969.0,6.4,1.0,8645.9,6715.5,46.0,17553.1,14956.4,1.4,54.3,0.0,132264.1,0.0,2.0,380.4,836.5,4.0,12.1,0.0,0.0,323.0
2026-10-08T03:01:04.050526+00:00,12.5,1969.0,8.0,4.3,39499.5,27328.0,46.0,17558.2,14951.3,1.4,54.3,0.0,20275.9,0.0,4.0,872.2,1099.9,6.9,8.9,0.0,0.0,321.0
2026-10-08T03:01:05.043462+00:00,8.5,1969.0,7.0,1.4,7810.4,6202.4,45.9,17575.6,14933.9,1.4,54.3,0.0,12372.6,0.0,3.0,1784.2,528.6,5.0,6.0,0.0,0.0,321.0
2026-10-08T03:01:06.052007+00:00,8.1,1969.0,6.4,1.4,8967.4,6851.4,45.9,17576.5,14933.0,1.4,54.3,0.0,0.0,0.0,0.0,83.3,364.9,1.0,5.9,0.0,0.0,323.0
2026-10-08T03:01:07.044069+00:00,10.0,1969.0,6.9,2.6,37791.0,25815.9,45.9,17575.4,14934.1,1.4,54.3,0.0,8253.4,0.0,2.0,1519.3,1738.9,15.1,18.1,0.0,0.0,321.0
2026-10-08T03:01:08.034468+00:00,9.7,1969.0,7.1,2.2,8962.1,6860.0,45.9,17601.9,14907.6,1.4,54.3,0.0,235497.0,0.0,20.2,975.4,1193.3,10.1,13.1,0.0,0.0,320.0
2026-10-08T03:01:09.043873+00:00,9.1,1969.0,6.4,2.2,8581.8,6664.1,45.8,17605.5,14904.1,1.4,54.3,0.0,97631.0,0.0,4.0,418.1,513.5,5.0,6.0,0.0,0.0,322.0
2026-10-08T03:01:10.034828+00:00,10.3,1969.0,6.7,3.2,38434.9,26404.3,45.9,17600.1,14909.5,1.4,54.3,0.0,4122.9,0.0,1.0,2204.4,1311.6,9.1,16.1,0.0,0.0,320.0
2026-10-08T03:01:11.041904+00:00,10.0,1969.0,6.6,2.9,7764.1,6098.0,45.9,17603.3,14906.2,1.4,54.3,0.0,77317.2,0.0,10.9,1386.9,1617.4,12.9,16.9,0.0,0.0,320.0
2026-10-08T03:01:12.051010+00:00,10.5,1969.0,6.7,3.3,9324.1,7077.7,45.9,17596.2,14913.3,1.4,54.3,0.0,65055.1,0.0,11.9,5776.3,1002.6,11.9,11.9,0.0,0.0,322.0
2026-10-08T03:01:13.041853+00:00,14.1,1969.0,9.4,4.0,38823.5,25981.0,45.9,17600.3,14909.3,1.4,54.3,0.0,169022.2,0.0,5.0,553.6,1804.6,6.0,24.2,0.0,0.0,320.0
2026-10-08T03:01:14.048131+00:00,6.2,1969.0,5.1,0.9,7989.6,6131.8,45.9,17600.6,14908.9,1.4,54.3,0.0,4069.3,0.0,1.0,1292.5,5076.7,13.9,24.8,0.0,0.0,320.0
2026-10-08T03:01:15.043971+00:00,11.5,1969.0,7.2,3.8,9384.9,7610.9,45.9,17600.0,14909.5,1.4,54.3,0.0,293630.0,0.0,66.6,2211.2,1372.1,9.1,17.2,0.0,0.0,324.0
2026-10-08T03:01:16.034979+00:00,14.8,1969.0,8.8,5.2,47078.9,31205.4,46.0,17569.0,14940.5,1.4,54.3,0.0,238733.9,0.0,7.0,504.5,733.6,5.0,9.0,0.0,0.0,321.0
2026-10-08T03:01:17.042425+00:00,15.9,1969.0,9.6,5.0,14342.5,10693.4,46.0,17552.0,14957.5,1.4,54.3,0.0,89429.5,0.0,6.0,666.9,1081.7,6.9,13.9,0.0,0.0,321.0
2026-10-08T03:01:18.050110+00:00,10.3,1969.0,8.6,1.5,10547.6,7870.7,46.1,17514.1,14995.5,1.4,54.3,0.0,32510.8,0.0,5.0,334.4,782.8,4.0,11.9,0.0,0.0,323.0
2026-10-08T03:01:19.041414+00:00,15.0,1969.0,9.2,5.2,45866.8,30274.3,46.2,17483.2,15026.3,1.4,54.3,0.0,136335.6,0.0,7.1,1394.9,1683.4,12.1,15.1,0.0,0.0,321.0
2026-10-08T03:01:20.050294+00:00,9.7,1969.0,7.0,2.0,13552.7,9844.6,46.2,17488.9,15020.6,1.4,54.3,0.0,52864.6,0.0,10.9,16089.3,3428.1,22.8,25.8,0.0,0.0,321.0
2026-10-08T03:01:21.042911+00:00,11.7,1969.0,6.9,3.8,15856.9,11017.4,46.2,17493.0,15016.5,1.4,54.3,0.0,0.0,0.0,0.0,99073.0,6843.0,95.7,65.5,0.0,0.0,323.0
2026-10-08T03:01:22.059202+00:00,16.1,1969.0,9.6,5.7,40044.3,26505.0,46.2,17490.7,15018.8,1.4,54.3,0.0,227266.6,0.0,5.0,2565.2,4059.3,23.8,34.7,0.0,0.0,321.0
2026-10-08T03:01:23.049741+00:00,9.0,1969.0,7.5,1.2,9987.9,7441.4,46.2,17485.3,15024.2,1.4,54.3,0.0,311480.7,0.0,21.0,967.6,1632.0,10.0,21.0,0.0,0.0,321.0
2026-10-08T03:01:24.044690+00:00,15.0,1969.0,11.2,3.0,10638.8,7799.5,46.2,17484.8,15024.7,1.4,54.3,0.0,28929.9,0.0,4.0,632.6,1419.7,6.1,19.2,0.0,0.0,323.0
2026-10-08T03:01:25.034653+00:00,10.9,1969.0,7.5,2.9,39439.9,26823.3,46.2,17479.5,15030.0,1.4,54.3,0.0,0.0,0.0,0.0,1781.0,760.8,5.0,10.1,0.0,0.0,321.0
2026-10-08T03:01:26.043496+00:00,9.7,1969.0,7.3,2.1,8175.1,6283.5,46.2,17483.2,15026.4,1.4,54.3,0.0,20345.7,0.0,4.0,498.7,1231.9,5.0,9.9,0.0,0.0,321.0
2026-10-08T03:01:27.051191+00:00,7.3,1969.0,6.2,1.2,8201.9,6476.3,46.2,17487.2,15022.3,1.4,54.3,0.0,0.0,0.0,0.0,96473.5,6380.1,85.3,64.5,0.0,0.0,323.0
2026-10-08T03:01:28.042784+00:00,10.5,1969.0,7.1,3.0,39192.2,26902.5,46.2,17485.6,15023.9,1.4,54.3,0.0,12384.4,0.0,2.0,1137.9,2989.3,11.1,18.1,0.0,0.0,321.0
2026-10-08T03:01:29.048260+00:00,7.5,1969.0,6.1,1.2,9374.3,6611.1,46.2,17489.3,15020.3,1.4,54.3,65093.9,284785.9,1.0,10.9,376.4,736.0,4.0,9.9,0.0,0.0,321.0
2026-10-08T03:01:30.043660+00:00,11.0,1969.0,7.0,3.4,13222.1,9582.0,46.2,17495.2,15014.3,1.4,54.3,0.0,8274.1,0.0,2.0,1493.8,630.3,2.0,10.1,0.0,0.0,323.0
2026-10-08T03:01:31.051397+00:00,16.5,1969.0,8.8,6.0,45261.9,30491.5,46.2,17488.0,15021.5,1.4,54.3,32383.0,255016.4,1.0,57.3,372.6,976.4,4.0,13.8,0.0,0.0,321.0
2026-10-08T03:01:32.043108+00:00,8.6,1969.0,6.5,1.6,8577.0,6778.8,46.2,17481.1,15028.4,1.4,54.3,70262.7,214921.1,3.0,5.0,422.8,780.0,5.0,11.1,0.0,0.0,321.0
2026-10-08T03:01:33.055057+00:00,12.7,1969.0,8.7,3.7,16367.2,11823.0,46.4,17435.2,15074.4,1.4,54.3,0.0,0.0,0.0,0.0,65334.9,20010.5,91.3,91.3,0.0,0.0,324.0
2026-10-08T03:01:34.046223+00:00,16.4,1969.0,9.1,5.9,42587.6,28386.7,46.4,17422.2,15087.3,1.4,54.3,0.0,180897.6,0.0,9.0,1639.1,2897.8,14.1,16.1,0.0,0.0,322.0
2026-10-08T03:01:35.037883+00:00,9.5,1969.0,6.2,2.6,9087.1,7267.1,46.4,17430.2,15079.3,1.4,54.3,4134.7,37212.6,1.0,7.1,1877.6,849.0,6.1,11.1,0.0,0.0,322.0
2026-10-08T03:01:36.047216+00:00,9.3,1969.0,6.8,2.1,9603.3,7313.6,46.4,17432.9,15076.7,1.4,54.3,0.0,0.0,0.0,0.0,1248.5,1552.2,12.9,17.9,0.0,0.0,324.0
2026-10-08T03:01:37.038602+00:00,13.0,1969.0,7.7,4.4,39884.4,27345.5,46.4,17432.9,15076.6,1.4,54.3,0.0,234875.9,0.0,4.0,1560.3,2073.4,16.1,24.1,0.0,0.0,322.0
2026-10-08T03:01:38.047518+00:00,10.9,1969.0,8.6,2.2,9391.3,7129.1,46.4,17428.8,15080.7,1.4,54.3,0.0,142304.5,0.0,15.9,64471.8,9891.6,64.5,68.5,0.0,0.0,322.0
2026-10-08T03:01:39.041804+00:00,12.2,1969.0,7.7,4.0,8483.4,6530.6,46.4,17429.9,15079.6,1.4,54.3,0.0,4127.3,0.0,1.0,1202.1,1433.9,11.1,15.1,0.0,0.0,324.0
2026-10-08T03:01:40.049180+00:00,11.9,1969.0,8.0,3.6,39327.7,27066.4,46.4,17433.1,15076.4,1.4,54.3,0.0,0.0,0.0,0.0,27689.9,16408.5,56.4,59.4,0.0,0.0,322.0
2026-10-08T03:01:41.041031+00:00,7.1,1969.0,6.0,0.9,8540.4,6600.5,46.3,17447.5,15062.0,1.4,54.3,0.0,4132.0,0.0,1.0,4915.8,4006.9,27.2,36.3,0.0,0.0,322.0
2026-10-08T03:01:42.051921+00:00,6.8,1969.0,5.3,1.3,8946.5,6817.5,46.3,17459.1,15050.4,1.4,54.3,0.0,211396.5,0.0,2.0,5973.9,1384.6,13.9,14.9,0.0,0.0,324.0
2026-10-08T03:01:43.044458+00:00,12.9,1969.0,8.4,4.2,40335.8,27235.1,46.2,17491.2,15018.3,1.4,54.3,0.0,193407.8,0.0,7.0,2958.7,1064.9,5.0,11.1,0.0,0.0,322.0
2026-10-08T03:01:44.034654+00:00,7.8,1969.0,6.3,1.0,8254.6,6311.6,46.1,17507.4,15002.1,1.4,54.3,0.0,140276.9,0.0,3.0,1620.7,4983.0,15.1,17.1,0.0,0.0,322.0
2026-10-08T03:01:45.045010+00:00,8.5,1969.0,6.6,1.8,8630.5,6528.0,46.1,17508.2,15001.3,1.4,54.3,0.0,32558.5,0.0,3.0,1469.5,286.2,2.0,4.0,0.0,0.0,324.0
2026-10-08T03:01:46.037238+00:00,13.4,1969.0,8.3,4.5,39343.6,26222.0,46.1,17512.0,14997.5,1.4,54.3,0.0,61829.0,0.0,15.1,762.8,883.6,8.1,10.1,0.0,0.0,322.0
2026-10-08T03:01:47.043592+00:00,9.2,1969.0,6.5,2.4,9142.3,6835.1,46.1,17536.4,14973.1,1.4,54.3,0.0,304842.9,0.0,71.4,374.1,600.4,4.0,7.9,0.0,0.0,321.0
2026-10-08T03:01:48.053446+00:00,8.7,1969.0,6.4,2.4,8736.9,6599.4,46.1,17534.9,14974.6,1.4,54.3,0.0,130191.2,0.0,1.0,713.2,1499.9,7.9,21.9,0.0,0.0,323.0
2026-10-08T03:01:49.044689+00:00,12.6,1969.0,7.2,4.4,40276.3,26252.2,46.0,17540.6,14968.9,1.4,54.3,0.0,111219.7,0.0,6.0,976.5,1287.3,7.0,12.1,0.0,0.0,321.0
2026-10-08T03:01:50.036133+00:00,6.8,1969.0,5.3,1.1,7940.1,6170.4,46.1,17536.5,14973.0,1.4,54.3,0.0,37216.2,0.0,7.1,3484.0,1164.0,9.1,12.1,0.0,0.0,321.0
2026-10-08T03:01:51.043771+00:00,6.6,1969.0,5.4,1.0,8669.8,6617.8,46.1,17525.4,14984.1,1.4,54.3,0.0,0.0,0.0,0.0,1204.2,19293.4,11.9,26.8,0.0,0.0,323.0
2026-10-08T03:01:52.049869+00:00,12.9,1969.0,8.8,3.9,39046.1,25658.4,46.1,17534.2,14975.3,1.4,54.3,0.0,40637.5,0.0,6.0,1538.8,1842.4,15.9,20.8,0.0,0.0,321.0
2026-10-08T03:01:53.041661+00:00,6.8,1969.0,5.3,0.9,8352.4,6462.8,46.1,17535.8,14973.7,1.4,54.3,0.0,148926.1,0.0,3.0,382.8,578.7,4.0,7.1,0.0,0.0,321.0
2026-10-08T03:01:54.057014+00:00,7.0,1969.0,5.9,0.9,8595.5,6541.8,46.1,17535.2,14974.3,1.4,54.3,0.0,24370.4,0.0,5.0,1246.5,2222.3,12.9,29.7,0.0,0.0,323.0
2026-10-08T03:01:55.046661+00:00,12.1,1969.0,8.5,3.3,39112.1,25881.9,46.1,17535.6,14973.9,1.4,54.3,0.0,0.0,0.0,0.0,2274.8,2075.6,9.0,27.0,0.0,0.0,321.0
2026-10-08T03:01:56.045317+00:00,8.7,1969.0,7.1,1.5,8437.0,6511.7,46.1,17531.4,14978.1,1.4,54.3,0.0,239841.3,0.0,6.1,676.4,1056.0,7.1,13.1,0.0,0.0,321.0
2026-10-08T03:01:57.038522+00:00,10.0,1969.0,7.2,2.3,8232.0,6464.2,46.1,17534.8,14974.7,1.4,54.3,0.0,0.0,0.0,0.0,379.8,798.7,4.0,11.0,0.0,0.0,323.0
2026-10-08T03:01:58.051459+00:00,10.7,1969.0,7.3,3.2,38759.3,25400.1,46.1,17527.7,14981.8,1.4,54.3,0.0,12172.5,0.0,2.0,373.5,488.4,4.0,5.9,0.0,0.0,323.0
2026-10-08T03:01:59.041380+00:00,6.9,1969.0,5.7,0.9,8577.9,6557.6,46.1,17530.6,14978.9,1.4,54.3,0.0,156137.9,0.0,6.0,84.3,144.5,1.0,2.0,0.0,0.0,321.0
2026-10-08T03:02:00.050337+00:00,8.5,1969.0,7.4,1.0,9005.7,7031.5,46.1,17525.6,14983.9,1.4,54.3,0.0,4069.7,0.0,1.0,17405.3,4536.6,34.8,35.8,0.0,0.0,323.0
2026-10-08T03:02:01.042418+00:00,12.2,1969.0,8.3,3.3,38721.1,25511.2,46.1,17523.9,14985.6,1.4,54.3,0.0,218709.6,0.0,3.0,379.8,553.1,4.0,7.1,0.0,0.0,321.0
2026-10-08T03:02:02.049589+00:00,8.4,1969.0,6.4,1.9,8856.6,6877.4,46.1,17528.8,14980.8,1.4,54.3,16262.1,207341.4,1.0,11.9,1389.6,1859.1,13.9,21.8,0.0,0.0,321.0
2026-10-08T03:02:03.042359+00:00,8.1,1969.0,6.7,1.2,8977.7,7001.8,46.0,17570.1,14939.4,1.4,54.3,0.0,181777.2,0.0,28.2,817.0,1107.5,7.1,12.1,0.0,0.0,322.0
2026-10-08T03:02:04.049346+00:00,13.9,1969.0,8.6,4.1,40454.6,26659.5,46.0,17566.9,14942.7,1.4,54.3,0.0,353179.4,0.0,54.5,1746.3,1965.3,15.9,17.8,0.0,0.0,320.0
2026-10-08T03:02:05.040119+00:00,7.8,1969.0,6.6,1.1,8928.8,6872.2,46.0,17569.2,14940.3,1.4,54.3,0.0,57867.6,0.0,6.1,1492.5,290.6,2.0,4.0,0.0,0.0,320.0
2026-10-08T03:02:06.054146+00:00,6.7,1969.0,5.9,0.7,8269.3,6460.6,46.0,17569.9,14939.6,1.4,54.3,0.0,0.0,0.0,0.0,1248.8,1477.2,12.9,15.9,0.0,0.0,322.0
2026-10-08T03:02:07.043779+00:00,10.3,1969.0,7.8,2.3,38239.8,25088.5,46.0,17568.4,14941.1,1.4,54.3,0.0,8219.0,0.0,2.0,968.2,10354.1,10.0,176.6,0.0,0.0,320.0
2026-10-08T03:02:08.035718+00:00,14.9,1969.0,8.1,6.1,9537.3,7318.0,46.0,17567.7,14941.8,1.4,54.3,0.0,202558.3,0.0,22.2,980.0,11569.9,10.1,197.8,0.0,0.0,320.0
2026-10-08T03:02:09.045026+00:00,6.5,1969.0,4.9,1.3,8408.1,6564.6,46.0,17569.8,14939.7,1.4,54.3,0.0,4064.2,0.0,1.0,1079.5,11698.4,10.9,197.5,0.0,0.0,322.0
2026-10-08T03:02:10.037193+00:00,11.0,1969.0,7.5,2.9,38473.1,25479.2,46.0,17568.3,14941.2,1.4,54.3,0.0,82484.1,0.0,8.1,1489.2,2094.3,2.0,36.2,0.0,0.0,320.0
2026-10-08T03:02:11.043601+00:00,10.0,1969.0,6.8,2.7,8749.0,6739.4,46.0,17569.9,14939.7,1.4,54.3,0.0,56908.4,0.0,9.9,374.1,989.4,4.0,14.9,0.0,0.0,320.0
2026-10-08T03:02:12.051552+00:00,11.6,1969.0,8.9,2.2,9114.9,6894.7,46.0,17563.4,14946.2,1.4,54.3,0.0,0.0,0.0,0.0,699.3,892.0,7.0,9.9,0.0,0.0,322.0
2026-10-08T03:02:13.042638+00:00,12.1,1969.0,8.6,3.2,38575.3,25715.5,45.9,17578.8,14930.7,1.4,54.3,0.0,181661.6,0.0,5.0,5417.9,886.0,8.1,9.1,0.0,0.0,320.0
2026-10-08T03:02:14.049242+00:00,8.7,1969.0,5.8,2.6,8732.7,6763.4,45.9,17583.4,14926.1,1.4,54.3,0.0,146361.4,0.0,3.0,83.4,198.5,1.0,3.0,0.0,0.0,320.0
2026-10-08T03:02:15.042052+00:00,8.5,1969.0,6.6,1.7,10595.5,8796.3,45.9,17583.3,14926.2,1.4,54.3,0.0,4135.6,0.0,1.0,2929.1,5238.2,16.2,21.2,0.0,0.0,322.0
2026-10-08T03:02:16.048143+00:00,11.5,1969.0,7.7,3.3,38116.3,25893.4,45.9,17582.3,14927.2,1.4,54.3,0.0,259909.5,0.0,8.9,952.8,1358.3,8.9,11.9,0.0,0.0,320.0
2026-10-08T03:02:17.039578+00:00,9.5,1969.0,7.4,1.8,9777.9,7453.9,45.9,17573.3,14936.2,1.4,54.3,0.0,41369.9,0.0,8.1,127.3,597.9,2.0,10.1,0.0,0.0,320.0
2026-10-08T03:02:18.048215+00:00,7.4,1969.0,6.2,1.0,8500.5,6612.7,45.9,17582.9,14926.6,1.4,54.3,0.0,0.0,0.0,0.0,1303.9,1840.1,11.9,19.9,0.0,0.0,322.0
2026-10-08T03:02:19.040163+00:00,11.7,1969.0,6.7,4.3,39361.2,25556.6,45.9,17580.3,14929.2,1.4,54.3,0.0,12375.5,0.0,3.0,632.5,1034.3,4.0,9.1,0.0,0.0,320.0
2026-10-08T03:02:20.046901+00:00,7.2,1969.0,6.3,0.9,8980.8,7115.2,45.9,17592.2,14917.3,1.4,54.3,0.0,308915.2,0.0,67.5,16337.1,4030.9,25.8,35.7,0.0,0.0,320.0
2026-10-08T03:02:21.042303+00:00,7.1,1969.0,6.2,0.8,8342.7,6432.5,45.9,17591.4,14918.1,1.4,54.3,0.0,0.0,0.0,0.0,676.5,1056.1,7.1,13.1,0.0,0.0,322.0
2026-10-08T03:02:22.049231+00:00,11.1,1969.0,8.5,2.4,38326.1,25181.8,45.9,17590.7,14918.8,1.4,54.3,8095.5,222626.1,1.0,4.9,1385.5,1720.5,13.8,17.8,0.0,0.0,320.0
2026-10-08T03:02:23.040930+00:00,7.2,1969.0,5.4,1.4,8729.3,6700.1,45.9,17592.2,14917.3,1.4,54.3,0.0,148791.0,0.0,3.0,680.1,1011.1,7.1,12.1,0.0,0.0,320.0
2026-10-08T03:02:24.049568+00:00,7.0,1969.0,5.7,1.2,9266.5,7189.4,45.9,17592.3,14917.2,1.4,54.3,0.0,130138.4,0.0,4.0,36120.9,49201.0,97.3,112.2,0.0,0.0,322.0
2026-10-08T03:02:25.041761+00:00,13.3,1969.0,8.1,4.5,43664.0,28019.6,45.9,17589.9,14919.6,1.4,54.3,8255.5,12383.3,2.0,1.0,2869.1,1869.4,13.1,17.1,0.0,0.0,322.0
2026-10-08T03:02:26.049380+00:00,15.6,1969.0,10.7,4.5,21874.6,12502.4,46.0,17554.1,14955.4,1.4,54.3,52798.0,272112.7,5.0,13.9,2296.4,2443.2,22.8,24.8,0.0,0.0,322.0
2026-10-08T03:02:27.045944+00:00,15.2,1969.0,12.4,2.1,18534.9,11542.5,46.0,17553.7,14955.8,1.4,54.3,0.0,0.0,0.0,0.0,84.7,201.7,1.0,3.0,0.0,0.0,324.0
2026-10-08T03:02:28.037311+00:00,17.3,1969.0,11.9,4.7,45847.0,28160.1,46.0,17550.0,14959.5,1.4,54.3,0.0,16426.6,0.0,2.0,84.2,256.7,1.0,4.0,0.0,0.0,322.0
2026-10-08T03:02:29.043875+00:00,13.6,1969.0,10.4,2.8,13302.5,8908.1,46.0,17558.1,14951.4,1.4,54.3,0.0,268469.1,0.0,2.0,83.4,198.6,1.0,3.0,0.0,0.0,322.0
2026-10-08T03:02:30.041445+00:00,15.9,1969.0,12.0,3.3,13556.7,9077.8,46.0,17539.6,14969.9,1.4,54.3,3116475.5,74423.3,5.0,13.1,2382.3,2254.1,11.1,22.2,0.0,0.0,324.0
2026-10-08T03:02:31.048553+00:00,17.6,1969.0,12.6,4.5,42135.4,26436.3,46.0,17551.7,14957.8,1.4,54.3,409856.7,4043.0,6.9,1.0,82.9,1524.0,1.0,26.7,0.0,0.0,322.0
2026-10-08T03:02:32.039649+00:00,13.1,1969.0,10.3,2.4,12947.2,8446.1,46.0,17553.7,14955.8,1.4,54.3,16531.1,198372.9,1.0,8.1,676.0,1945.3,7.1,20.2,0.0,0.0,322.0
2026-10-08T03:02:33.048545+00:00,7.2,1969.0,6.2,0.8,8556.7,6512.8,46.0,17559.7,14949.8,1.4,54.3,0.0,162636.3,0.0,7.9,83.4,921.2,1.0,15.9,0.0,0.0,324.0
2026-10-08T03:02:34.039976+00:00,11.5,1969.0,7.9,3.4,39495.2,25919.7,46.0,17556.2,14953.3,1.4,54.3,0.0,16495.2,0.0,3.0,1312.8,2091.1,11.1,23.2,0.0,0.0,322.0
2026-10-08T03:02:35.046823+00:00,12.4,1969.0,7.4,4.4,8881.5,7182.1,46.0,17561.1,14948.4,1.4,54.3,65092.8,166800.3,1.0,7.9,1760.0,1244.5,5.0,18.9,0.0,0.0,322.0
2026-10-08T03:02:36.046728+00:00,14.2,1969.0,9.0,4.4,10117.6,7765.3,46.1,17527.7,14981.8,1.4,54.3,0.0,66134.7,0.0,4.0,2097.0,3215.1,20.2,28.3,0.0,0.0,326.0
2026-10-08T03:02:37.040360+00:00,17.0,1969.0,11.2,5.1,43394.3,28586.1,46.3,17461.7,15047.8,1.4,54.3,0.0,613909.1,0.0,88.9,29510.4,28687.1,107.9,116.9,0.0,0.0,325.0
2026-10-08T03:02:38.047585+00:00,11.1,1969.0,8.4,2.2,10108.7,7730.2,46.3,17458.6,15050.9,1.4,54.3,16237.4,235441.8,1.0,15.9,64044.6,10175.1,60.5,53.5,0.0,0.0,325.0
2026-10-08T03:02:39.041244+00:00,7.2,1969.0,5.9,1.2,8251.4,6459.0,46.3,17465.2,15044.3,1.4,54.3,0.0,24802.7,0.0,1.0,127.2,201.8,2.0,3.0,0.0,0.0,327.0
2026-10-08T03:02:40.048140+00:00,10.8,1969.0,7.9,2.4,38518.9,25664.1,46.3,17464.9,15044.6,1.4,54.3,0.0,89229.1,0.0,3.0,27032.5,16338.3,50.5,69.3,0.0,0.0,325.0
2026-10-08T03:02:41.040103+00:00,8.1,1969.0,6.3,1.7,8932.7,6970.9,46.2,17474.7,15034.8,1.4,54.3,0.0,66171.0,0.0,4.0,4014.5,2542.4,18.2,24.2,0.0,0.0,325.0
2026-10-08T03:02:42.048572+00:00,6.9,1969.0,6.0,0.8,8973.5,6896.5,46.3,17470.8,15038.7,1.4,54.3,56878.1,207198.7,7.9,2.0,2966.7,851.0,7.9,9.9,0.0,0.0,327.0
2026-10-08T03:02:43.039992+00:00,14.9,1969.0,8.4,5.7,40196.0,26307.4,46.3,17467.6,15041.9,1.4,54.3,49485.6,160828.3,7.0,5.0,2836.1,917.2,4.0,11.1,0.0,0.0,325.0
2026-10-08T03:02:44.048923+00:00,7.2,1969.0,6.0,1.2,8017.5,6351.4,46.3,17470.6,15038.9,1.4,54.3,0.0,524948.3,0.0,7.0,83.5,421.2,1.0,7.0,0.0,0.0,327.0
2026-10-08T03:02:45.042570+00:00,7.7,1969.0,6.5,1.2,9013.8,6871.9,46.3,17470.8,15038.7,1.4,54.3,0.0,4124.7,0.0,1.0,2168.1,4540.6,9.1,15.1,0.0,0.0,327.0
2026-10-08T03:02:46.049235+00:00,11.5,1969.0,6.0,4.5,38251.6,25322.5,46.3,17468.4,15041.1,1.4,54.3,0.0,16219.7,0.0,4.0,83.2,974.1,1.0,16.8,0.0,0.0,325.0
2026-10-08T03:02:47.041107+00:00,10.5,1969.0,7.4,2.9,8233.2,6510.4,46.3,17462.2,15047.3,1.4,54.3,0.0,82674.9,0.0,10.1,84.8,1049.6,1.0,18.2,0.0,0.0,325.0
2026-10-08T03:02:48.050364+00:00,12.4,1969.0,8.2,3.6,8941.3,6901.2,46.3,17472.9,15036.7,1.4,54.3,0.0,130058.6,0.0,1.0,458.4,875.2,5.0,11.9,0.0,0.0,327.0
2026-10-08T03:02:49.041095+00:00,9.8,1969.0,6.7,2.7,39289.2,25993.7,46.3,17472.7,15036.9,1.4,54.3,0.0,12376.9,0.0,2.0,1311.4,1554.2,10.1,13.1,0.0,0.0,325.0
2026-10-08T03:02:50.048413+00:00,10.9,1969.0,7.4,3.0,7693.0,6112.1,46.3,17471.1,15038.4,1.4,54.3,0.0,219642.9,0.0,13.9,3098.3,1217.5,6.0,16.9,0.0,0.0,325.0
2026-10-08T03:02:51.047291+00:00,11.0,1969.0,7.3,3.3,9370.5,7154.7,46.3,17465.6,15043.9,1.4,54.3,0.0,0.0,0.0,0.0,1815.2,20050.6,18.2,34.3,0.0,0.0,327.0
2026-10-08T03:02:52.039509+00:00,14.5,1969.0,8.5,5.4,39093.2,25931.3,46.3,17464.3,15045.2,1.4,54.3,0.0,20498.4,0.0,3.0,1259.1,1677.5,13.0,20.0,0.0,0.0,325.0
2026-10-08T03:02:53.045967+00:00,10.0,1969.0,6.4,2.9,8297.0,6502.7,46.3,17468.1,15041.4,1.4,54.3,0.0,394080.9,0.0,59.5,668.5,1216.0,6.9,15.9,0.0,0.0,325.0
2026-10-08T03:02:54.038121+00:00,9.2,1969.0,7.4,1.6,8865.9,6955.8,46.3,17466.8,15042.7,1.4,54.3,0.0,54790.4,0.0,10.1,1661.7,1944.4,15.1,19.2,0.0,0.0,327.0
2026-10-08T03:02:55.045566+00:00,10.3,1969.0,6.6,3.2,38546.5,26118.4,46.3,17465.4,15044.1,1.4,54.3,0.0,113727.5,0.0,3.0,2047.7,1088.8,7.9,13.9,0.0,0.0,325.0
2026-10-08T03:02:56.037318+00:00,8.3,1969.0,6.4,1.5,8176.0,6449.8,46.3,17465.1,15044.4,1.4,54.3,0.0,243810.0,0.0,6.1,380.3,836.4,4.0,12.1,0.0,0.0,325.0
2026-10-08T03:02:57.046919+00:00,12.1,1969.0,8.9,3.0,12983.1,9620.2,46.5,17402.2,15107.3,1.4,54.3,0.0,48802.9,0.0,5.0,23431.4,26074.5,78.4,90.4,0.0,0.0,328.0
2026-10-08T03:02:58.038123+00:00,17.1,1969.0,13.0,3.5,40248.2,25220.1,46.5,17395.9,15113.6,1.4,54.3,0.0,37078.8,0.0,7.0,1514.8,4071.6,14.1,20.1,0.0,0.0,326.0
2026-10-08T03:02:59.044816+00:00,7.4,1969.0,6.3,0.8,8003.4,6232.5,46.5,17403.7,15105.8,1.4,54.3,0.0,0.0,0.0,0.0,374.4,755.8,4.0,9.9,0.0,0.0,326.0
2026-10-08T03:03:00.041476+00:00,9.8,1969.0,7.5,2.1,9674.5,7635.7,46.5,17401.2,15108.4,1.4,54.3,0.0,61981.2,0.0,10.1,17179.0,4010.0,30.3,26.2,0.0,0.0,328.0
2026-10-08T03:03:01.047992+00:00,13.1,1969.0,8.4,3.8,39426.4,25563.7,46.4,17432.4,15077.1,1.4,54.3,0.0,283380.4,0.0,10.9,170.0,400.3,2.0,4.9,0.0,0.0,325.0
2026-10-08T03:03:02.039525+00:00,6.4,1969.0,5.4,0.9,8202.6,6436.4,46.4,17435.8,15073.8,1.4,54.3,0.0,140560.1,0.0,3.0,1596.7,1878.3,15.1,18.2,0.0,0.0,325.0
2026-10-08T03:03:03.048213+00:00,9.0,1969.0,6.9,1.8,9180.7,7150.8,46.4,17433.0,15076.5,1.4,54.3,0.0,0.0,0.0,0.0,83.4,309.7,1.0,5.0,0.0,0.0,327.0
2026-10-08T03:03:04.038787+00:00,12.3,1969.0,7.4,4.5,40107.5,26538.9,46.4,17429.8,15079.8,1.4,54.3,0.0,20633.1,0.0,4.0,1732.9,1916.2,15.1,18.1,0.0,0.0,325.0
2026-10-08T03:03:05.045599+00:00,6.4,1969.0,5.3,0.7,7888.8,6236.8,46.4,17437.1,15072.4,1.4,54.3,0.0,211458.8,0.0,11.9,1468.4,341.5,2.0,5.0,0.0,0.0,325.0
2026-10-08T03:03:06.043456+00:00,7.4,1969.0,5.7,1.4,9421.8,7246.5,46.3,17459.7,15049.8,1.4,54.3,0.0,57883.3,0.0,9.1,1269.8,1784.6,13.1,21.2,0.0,0.0,326.0
2026-10-08T03:03:07.051187+00:00,9.6,1969.0,7.0,2.6,38869.7,25931.9,46.1,17519.7,14989.9,1.4,54.3,0.0,149572.8,0.0,26.6,952.4,1088.6,9.9,11.8,0.0,0.0,322.0
2026-10-08T03:03:08.042017+00:00,7.5,1969.0,6.0,1.4,9186.4,7172.3,46.1,17514.8,14994.8,1.4,54.3,16515.9,247738.4,1.0,27.2,1270.1,1487.9,13.1,16.1,0.0,0.0,322.0
2026-10-08T03:03:09.051475+00:00,11.8,1969.0,8.6,2.6,10126.1,7900.6,46.1,17517.2,14992.3,1.4,54.3,0.0,447647.3,0.0,102.3,914.1,1466.5,8.9,17.9,0.0,0.0,324.0
2026-10-08T03:03:10.041356+00:00,16.8,1969.0,9.2,6.7,38180.8,25418.9,46.1,17520.0,14989.5,1.4,54.3,0.0,140195.8,0.0,3.0,1488.9,346.3,2.0,5.0,0.0,0.0,322.0
2026-10-08T03:03:11.049110+00:00,9.6,1969.0,6.1,2.6,8838.4,6864.3,46.1,17526.4,14983.1,1.4,54.3,0.0,146501.8,0.0,12.9,22509.4,51517.4,91.4,104.3,0.0,0.0,322.0
2026-10-08T03:03:12.043910+00:00,8.6,1969.0,6.3,2.2,9600.4,7376.7,46.1,17517.3,14992.2,1.4,54.3,0.0,24773.2,0.0,3.0,1836.6,2247.9,16.1,19.2,0.0,0.0,324.0
2026-10-08T03:03:13.034714+00:00,13.1,1969.0,8.5,4.2,39015.9,25631.1,46.1,17526.3,14983.2,1.4,54.3,0.0,185383.7,0.0,6.0,5612.2,1009.8,10.1,10.1,0.0,0.0,322.0
2026-10-08T03:03:14.041171+00:00,7.7,1969.0,5.8,1.7,8095.4,6281.0,46.1,17527.1,14982.4,1.4,54.3,0.0,0.0,0.0,0.0,462.1,4173.4,5.0,10.9,0.0,0.0,322.0
2026-10-08T03:03:15.050516+00:00,10.2,1969.0,7.3,2.5,10539.3,8418.5,46.1,17526.6,14982.9,1.4,54.3,0.0,138270.4,0.0,4.0,1759.4,563.0,5.0,7.0,0.0,0.0,324.0
2026-10-08T03:03:16.045545+00:00,11.8,1969.0,7.4,3.8,38815.3,25365.0,46.1,17526.3,14983.2,1.4,54.3,0.0,263797.2,0.0,11.1,379.4,676.2,4.0,7.0,0.0,0.0,322.0
2026-10-08T03:03:17.037208+00:00,8.6,1969.0,7.0,1.6,8399.3,6512.3,46.1,17526.1,14983.4,1.4,54.3,0.0,20588.6,0.0,4.0,379.0,720.8,4.0,10.1,0.0,0.0,322.0
2026-10-08T03:03:18.048554+00:00,8.0,1969.0,6.7,1.2,9072.5,7059.4,46.1,17525.8,14983.7,1.4,54.3,0.0,130047.0,0.0,1.0,334.4,338.3,4.0,4.0,0.0,0.0,324.0
2026-10-08T03:03:19.040223+00:00,12.2,1969.0,8.7,3.2,39654.9,25821.0,46.1,17523.6,14985.9,1.4,54.3,0.0,8236.0,0.0,2.0,631.4,886.7,4.0,5.0,0.0,0.0,322.0
2026-10-08T03:03:20.048011+00:00,7.2,1969.0,6.0,0.9,8094.4,6561.2,46.1,17526.8,14982.7,1.4,54.3,65032.7,44710.0,1.0,7.9,16509.2,4185.6,27.8,26.8,0.0,0.0,322.0
2026-10-08T03:03:21.040865+00:00,8.5,1969.0,6.7,1.5,9142.4,7082.7,46.1,17516.6,14993.0,1.4,54.3,0.0,0.0,0.0,0.0,84.7,145.2,1.0,2.0,0.0,0.0,324.0
2026-10-08T03:03:22.049372+00:00,13.2,1969.0,7.4,4.8,38432.0,24886.0,46.1,17517.9,14991.6,1.4,54.3,0.0,243354.1,0.0,5.0,2521.1,3217.2,23.8,33.7,0.0,0.0,322.0
2026-10-08T03:03:23.039989+00:00,6.6,1969.0,5.4,1.0,8376.2,6418.5,46.1,17520.9,14988.6,1.4,54.3,0.0,144519.1,0.0,3.0,972.8,1845.8,10.1,25.2,0.0,0.0,322.0
2026-10-08T03:03:24.049550+00:00,7.5,1969.0,5.9,1.2,9048.6,6947.8,46.1,17522.6,14986.9,1.4,54.3,0.0,4066.6,0.0,1.0,125.1,421.0,2.0,6.9,0.0,0.0,324.0
2026-10-08T03:03:25.041353+00:00,13.7,1969.0,8.4,4.7,43792.6,28632.4,46.2,17489.9,15019.6,1.4,54.3,0.0,140191.2,0.0,4.0,2204.6,1104.3,9.1,13.1,0.0,0.0,323.0
2026-10-08T03:03:26.049231+00:00,15.8,1969.0,9.6,5.2,13805.1,10356.8,46.3,17463.8,15045.7,1.4,54.3,0.0,317124.9,0.0,65.5,957.9,1261.6,9.9,14.9,0.0,0.0,323.0
2026-10-08T03:03:27.043199+00:00,10.7,1969.0,8.2,2.2,11996.2,9018.1,46.4,17441.3,15068.2,1.4,54.3,0.0,78459.9,0.0,13.1,17211.5,49617.1,78.6,96.8,0.0,0.0,325.0
2026-10-08T03:03:28.051915+00:00,17.0,1969.0,9.7,6.2,41127.2,26515.2,46.2,17476.5,15033.0,1.4,54.3,0.0,170375.7,0.0,24.8,83.2,586.3,1.0,9.9,0.0,0.0,322.0
2026-10-08T03:03:29.045802+00:00,12.4,1969.0,8.4,3.4,11198.8,8744.5,46.3,17461.3,15048.2,1.4,54.3,0.0,12380.7,0.0,1.0,105537.1,22433.0,117.9,92.7,0.0,0.0,322.0
2026-10-08T03:03:30.044393+00:00,13.9,1969.0,8.3,4.2,13012.2,9712.9,46.2,17480.2,15029.3,1.4,54.3,0.0,391291.1,0.0,18.1,1487.3,1405.8,2.0,16.1,0.0,0.0,326.0
2026-10-08T03:03:31.035060+00:00,15.4,1969.0,8.9,4.9,44976.9,28540.0,46.2,17479.8,15029.7,1.4,54.3,4616.4,98483.4,2.0,11.0,1590.9,1744.2,7.0,19.0,0.0,0.0,321.0
2026-10-08T03:03:32.041961+00:00,11.0,1969.0,6.5,3.6,9934.7,7753.2,46.2,17482.9,15026.6,1.4,54.3,65075.7,162689.2,1.0,5.0,1938.3,1499.4,7.0,18.9,0.0,0.0,321.0
2026-10-08T03:03:33.054913+00:00,9.6,1969.0,6.6,2.2,9685.6,7599.7,46.2,17485.6,15023.9,1.4,54.3,0.0,0.0,0.0,0.0,83.4,650.3,1.0,6.9,0.0,0.0,323.0
2026-10-08T03:03:34.048140+00:00,15.6,1969.0,10.2,4.2,46170.1,30312.3,46.2,17483.9,15025.7,1.4,54.3,65784.0,143902.5,3.0,16.1,972.7,1152.3,8.0,9.0,0.0,0.0,321.0
2026-10-08T03:03:35.040269+00:00,9.1,1969.0,7.0,1.7,9494.6,7595.0,46.2,17479.9,15029.6,1.4,54.3,329678.6,24725.9,80.5,5.0,1782.8,5071.7,5.0,86.5,0.0,0.0,321.0
2026-10-08T03:03:36.050019+00:00,10.0,1969.0,8.2,1.6,9478.4,7392.0,46.2,17484.1,15025.5,1.4,54.3,0.0,134169.2,0.0,8.9,955.9,11910.3,9.9,205.5,0.0,0.0,323.0
2026-10-08T03:03:37.039573+00:00,11.3,1969.0,7.6,3.3,40134.3,26410.4,46.2,17484.1,15025.5,1.4,54.3,0.0,263776.1,0.0,11.1,1560.7,5425.6,16.1,80.5,0.0,0.0,321.0
